path_1_bw,delay_1,loss_1,path_2_bw,delay_2,loss_2,split_ratio,transfer_time
2.9,80,1.0,2.8,59,0.2,0.11,2.3396646666666663
1.7,75,1.0,1.2,76,0.3,0.667,5.999791666666668
1.5,54,0.2,2.7,56,0.0,9.0,4.4625309999999985
2.7,73,0.2,2.5,82,0.8,4.0,2.351892
2.4,56,0.6,3.0,67,0.8,0.25,2.169624
